﻿Designator,Footprint,Quantity,Value,LCSC Part #
C1,0603,1,47nF,C1622
"C2, C5",1206,2,30μF ≥28V,
"C3, C6",0603,2,100nF,C14663
"C4, C7",1206,2,30μF ≥10V,C96123
C8,0603,1,100nF ≥10V,C14663
C9,0805,1,330nF ≥28V,C1740
D1,0805,1,POWER,C2297
D2,0805,1,FUSE FAULT,C84256
D3,0805,1,3.3V FAULT,C84256
D4,0805,1,5V FAULT,C84256
D5,0805,1,CLOCK,C84256
"D6, D7, D8, D9",D_SMA,4,≥33V,
FUSE1,VQFN-24-1EP_4x4mm_P0.5mm_EP2.5x2.5mm_ThermalVias,1,TPS1663x (VQFN),C1850279
L1,L_6.3x6.3_H3,1,2.2μH,
L2,L_6.3x6.3_H3,1,3.3μH,
"MB1, MB10, MB11, MB12, MB16, MB17, MB18, MB19, MB2, MB20, MB21, MB22, MB23, MB24, MB25, MB3, MB4, MB5, MB6, MB7, MB8, MB9",MiniBadge_Slot_Reflective,22,MiniBadge_Simple,
"MB13, MB14, MB15",MiniBadge_Slot_Basic,3,MiniBadge_Simple,
R1,0603,1,1.5MΩ,C4172
R10,0603,1,1kΩ,C21190
"R11, R12, R13, R14",0603,4,1.5kΩ,C22843
R2,0603,1,430kΩ,C25969
R3,0603,1,75kΩ,C23242
R4,0603,1,5.6kΩ,C23189
R5,0603,1,22kΩ,C31850
R6,0603,1,68kΩ,C23231
"R7, R9",0603,2,15kΩ,C22809
R8,0603,1,110kΩ,C25805
REG1,TPS56637 VQFN-HR (10),1,TPS56637 3.3v,C841386
REG2,TPS56637 VQFN-HR (10),1,TPS56637 5V,C841386
REG3,TO-252-2,1,L78M05ABDT,C58069
U3,WSON-8-1EP_2x2mm_P0.5mm_EP0.9x1.6mm,1,DRV1,C191000
