﻿Designator,Footprint,Quantity,Value,LCSC Part #
C1,0603,1,47nF,
"C2, C4, C5, C7",1206,4,30μF,
"C3, C6, C8",0603,3,0.1μF,
C9,0603,1,0.33μF,
D1,0805,1,POWER,
D2,0805,1,FUSE FAULT,
D3,0805,1,3.3V FAULT,
D4,0805,1,5V FAULT,
D5,0805,1,CLOCK,
"D6, D7, D8, D9",D_SMA,4,≥33V,
FUSE1,VQFN-24-1EP_4x4mm_P0.5mm_EP2.5x2.5mm_ThermalVias,1,TPS1663x (VQFN),C1850279
L1,L_6.3x6.3_H3,1,2.2μH,
L2,L_6.3x6.3_H3,1,3.3μH,
"MB1, MB10, MB11, MB12, MB16, MB17, MB18, MB19, MB2, MB20, MB21, MB22, MB23, MB24, MB25, MB3, MB4, MB5, MB6, MB7, MB8, MB9",MiniBadge_Slot_Reflective,22,MiniBadge_Simple,
"MB13, MB14, MB15",MiniBadge_Slot_Basic,3,MiniBadge_Simple,
R1,0603,1,1.5MΩ,
R10,0603,1,1kΩ,
"R11, R12, R13, R14",0603,4,1.5kΩ,
R2,0603,1,430kΩ,
R3,0603,1,75kΩ,
R4,0603,1,5.6kΩ,
R5,0603,1,22kΩ,
R6,0603,1,45Ω,
"R7, R9",0603,2,10kΩ,
R8,0603,1,74kΩ,
REG1,TPS56637 VQFN-HR (10),1,TPS56637 3.3v,C841386
REG2,TPS56637 VQFN-HR (10),1,TPS56637 5V,C841386
REG3,TO-252-2,1,L78M05ABDT,C58069
TP1,TestPoint_Pad_D1.5mm,1,VBUS,
TP12,TestPoint_Pad_D1.5mm,1,GND,
TP3,TestPoint_Pad_D1.5mm,1,CLK_LOW,
TP6,TestPoint_Pad_D1.5mm,1,+3.3v,
TP7,TestPoint_Pad_D1.5mm,1,+5v,
TP8,TestPoint_Pad_D1.5mm,1,LED LDO,
U3,WSON-8-1EP_2x2mm_P0.5mm_EP0.9x1.6mm,1,DRV1,
