﻿Designator,Footprint,Quantity,Value,LCSC Part #
"C1, C10, C2, C9",1206,4,10uF,C13585
"C3, C4",0805,2,100nF,C24497
"C5, C6",1206,2,47uF,C96123
C7,0603,1,47pF,C1567
C8,0603,1,68pF,C28262
"D1, D2, D4, D5",D_SMA,4,≥33V,C134981
D3,D_SOD-123,1,12V Zener,C22435092
D6,0805,1,3.3V,C84256
D7,0805,1,5V,C84256
D8,0805,1,CLK,C96123
D9,D_SOD-123,1,Schottky,C7420325
DRV1,WSON-8-1EP_2x2mm_P0.5mm_EP0.9x1.6mm,1,DRV8837C,C191000
L1,L_TechFuse_SL0630,1,10uH,C5189958
L2,L_TechFuse_SL0630,1,6.8uH,C5189749
Q1,PQFN-8-EP_6x5mm_P1.27mm_Generic,1,PMOS,C51625746
R1,0805,1,33kΩ,
"R2, R4",0805,2,100kΩ,C149504
R3,0805,1,13kΩ,C17455
R5,0805,1,22kΩ,C17560
"R6, R8",0805,2,120Ω,C17437
R7,0805,1,300Ω,C17617
R9,0805,1,10kΩ,C17414
"REG1, REG2",SOT-23-6,2,TPS54302,C311983
